<?xml version="1.0" encoding="UTF-8"?>
<project-private xmlns="http://www.netbeans.org/ns/project-private/1">
    <editor-bookmarks xmlns="http://www.netbeans.org/ns/editor-bookmarks/2" lastBookmarkId="0"/>
    <open-files xmlns="http://www.netbeans.org/ns/projectui-open-files/2">
        <group>
            <file>file:/C:/Users/Allie/Documents/NetBeansProjects/MonthExceptions_AllieBeckman/src/monthexceptions_alliebeckman/MonthExceptions_AllieBeckman.java</file>
            <file>file:/C:/Users/Allie/Documents/NetBeansProjects/MonthExceptions_AllieBeckman/src/monthexceptions_alliebeckman/InvalidMonthNameException.java</file>
            <file>file:/C:/Users/Allie/Documents/NetBeansProjects/MonthExceptions_AllieBeckman/src/monthexceptions_alliebeckman/Month.java</file>
            <file>file:/C:/Users/Allie/Documents/NetBeansProjects/MonthExceptions_AllieBeckman/src/monthexceptions_alliebeckman/InvalidMonthNumberException.java</file>
        </group>
    </open-files>
</project-private>
