<?xml version="1.0" encoding="UTF-8"?>
<project-private xmlns="http://www.netbeans.org/ns/project-private/1">
    <editor-bookmarks xmlns="http://www.netbeans.org/ns/editor-bookmarks/2" lastBookmarkId="0"/>
    <open-files xmlns="http://www.netbeans.org/ns/projectui-open-files/2">
        <group>
            <file>file:/C:/Users/Allie/Documents/NetBeansProjects/EmployeeProductionWorker_AllieBeckman/src/employeeproductionworker_alliebeckman/Employee.java</file>
            <file>file:/C:/Users/Allie/Documents/NetBeansProjects/EmployeeProductionWorker_AllieBeckman/src/employeeproductionworker_alliebeckman/InvalidEmployee.java</file>
            <file>file:/C:/Users/Allie/Documents/NetBeansProjects/EmployeeProductionWorker_AllieBeckman/src/employeeproductionworker_alliebeckman/InvalidShift.java</file>
            <file>file:/C:/Users/Allie/Documents/NetBeansProjects/EmployeeProductionWorker_AllieBeckman/src/employeeproductionworker_alliebeckman/EmployeeProductionWorker_AllieBeckman.java</file>
            <file>file:/C:/Users/Allie/Documents/NetBeansProjects/EmployeeProductionWorker_AllieBeckman/src/employeeproductionworker_alliebeckman/ProductionWorker.java</file>
            <file>file:/C:/Users/Allie/Documents/NetBeansProjects/EmployeeProductionWorker_AllieBeckman/src/employeeproductionworker_alliebeckman/InvalidEmployeeNumber.java</file>
            <file>file:/C:/Users/Allie/Documents/NetBeansProjects/EmployeeProductionWorker_AllieBeckman/src/employeeproductionworker_alliebeckman/InvalidPayRate.java</file>
        </group>
    </open-files>
</project-private>
